{"1": {"chrg": 15030.766965599998, "pmt": 3693.8027301333336, "reduct": 75.42505489848179}, "2": {"chrg": 9423.971387666666, "pmt": 3543.9761905, "reduct": 62.394026417163474}, "5": {"chrg": 12760.362963333333, "pmt": 3570.0218853333336, "reduct": 72.02256788782792}, "6": {"chrg": 12409.696187999998, "pmt": 4060.8402438000003, "reduct": 67.27687622419978}, "7": {"chrg": 9378.42116775, "pmt": 3661.190328, "reduct": 60.9615492574603}, "9": {"chrg": 8110.47984, "pmt": 4305.612903, "reduct": 46.912969541392755}, "11": {"chrg": 20041.26039666667, "pmt": 3883.6079916666663, "reduct": 80.62193736920558}, "12": {"chrg": 13199.896206166668, "pmt": 4564.878117333333, "reduct": 65.41731809072306}, "14": {"chrg": 21250.178054999997, "pmt": 3871.6449274999995, "reduct": 81.78064711985304}, "15": {"chrg": 17517.88961, "pmt": 3893.237013, "reduct": 77.77565049400947}, "18": {"chrg": 9251.339572500001, "pmt": 3679.97861, "reduct": 60.22220802553942}, "19": {"chrg": 11417.89313957143, "pmt": 3954.1620297142863, "reduct": 65.368724497778}, "21": {"chrg": 16480.90909, "pmt": 3502.636364, "reduct": 78.74731093489697}, "23": {"chrg": 35387.86667, "pmt": 5646.2, "reduct": 84.04481385483868}, "25": {"chrg": 29818.19231, "pmt": 5256.681818, "reduct": 82.37089034992545}, "31": {"chrg": 26394.36364, "pmt": 4650.0, "reduct": 82.3826023486581}, "33": {"chrg": 41316.46667, "pmt": 6162.4, "reduct": 85.08488141248888}, "43": {"chrg": 18558.076386666668, "pmt": 5741.944444333333, "reduct": 69.05959257469853}, "56": {"chrg": 37831.46610235294, "pmt": 5308.718374117647, "reduct": 85.96745270258646}, "65": {"chrg": 32643.88269, "pmt": 5737.5923075, "reduct": 82.42368298530361}, "69": {"chrg": 33651.15, "pmt": 3834.0, "reduct": 88.60663008545028}, "78": {"chrg": 33548.769230000005, "pmt": 6589.9903845, "reduct": 80.35698317478933}, "79": {"chrg": 34804.72727, "pmt": 6133.0, "reduct": 82.37883046052094}, "80": {"chrg": 27156.104165, "pmt": 5754.97494575, "reduct": 78.80780353918634}, "82": {"chrg": 38668.72727, "pmt": 5072.272727, "reduct": 86.88275232959329}, "83": {"chrg": 54165.25, "pmt": 4230.5, "reduct": 92.18964188294156}, "85": {"chrg": 42573.45455, "pmt": 5693.636364, "reduct": 86.62632284793061}, "87": {"chrg": 43466.4, "pmt": 5524.8, "reduct": 87.28949257357407}, "91": {"chrg": 42037.46154, "pmt": 5153.0, "reduct": 87.74188590075366}, "96": {"chrg": 35939.53846, "pmt": 5740.0, "reduct": 84.02873201505216}, "102": {"chrg": 18277.53571, "pmt": 4277.6785715000005, "reduct": 76.59597749186943}, "103": {"chrg": 17029.53846, "pmt": 3689.0, "reduct": 78.3376395745255}, "109": {"chrg": 17576.90796, "pmt": 5018.175595333333, "reduct": 71.45017993635022}, "110": {"chrg": 12157.96027, "pmt": 4873.8815589999995, "reduct": 59.912012782058554}, "111": {"chrg": 14459.896181400001, "pmt": 5257.310747199999, "reduct": 63.64212660141666}, "112": {"chrg": 13660.647984750001, "pmt": 4351.654762, "reduct": 68.14459484749223}, "113": {"chrg": 9222.094591777779, "pmt": 5533.77095488889, "reduct": 39.994424262111984}, "115": {"chrg": 19842.67208, "pmt": 3536.6461035, "reduct": 82.1765632711096}, "116": {"chrg": 15655.7051425, "pmt": 3436.7916269999996, "reduct": 78.04767274474108}, "118": {"chrg": 23112.104506842104, "pmt": 3873.5159852105257, "reduct": 83.24031468417856}, "119": {"chrg": 15136.58608, "pmt": 3658.9199085, "reduct": 75.8273108007192}, "120": {"chrg": 19151.986365, "pmt": 3656.46363625, "reduct": 80.90817544162344}, "122": {"chrg": 30044.953524999997, "pmt": 3262.4615384999997, "reduct": 89.1413992842913}, "123": {"chrg": 19668.01762777778, "pmt": 4068.694465333333, "reduct": 79.31314409853393}, "124": {"chrg": 18608.92308, "pmt": 3542.512821, "reduct": 80.96336469461079}, "127": {"chrg": 23766.917686214285, "pmt": 4619.906363499999, "reduct": 80.56160910516503}, "129": {"chrg": 14111.247863333332, "pmt": 3345.3205126666667, "reduct": 76.293233985641}, "130": {"chrg": 17747.058155000002, "pmt": 3637.3250855714286, "reduct": 79.50463083062215}, "133": {"chrg": 15970.23077, "pmt": 3421.923077, "reduct": 78.57311440090105}, "134": {"chrg": 19188.64394, "pmt": 4832.818182, "reduct": 74.81417552427627}, "137": {"chrg": 11345.61905, "pmt": 3395.285714, "reduct": 70.07403739683997}, "139": {"chrg": 17087.73684, "pmt": 4182.789474, "reduct": 75.5216883712261}, "140": {"chrg": 13839.5274805, "pmt": 3911.2417187500005, "reduct": 71.73861806870958}, "141": {"chrg": 20620.535048, "pmt": 4266.2796324, "reduct": 79.31052893405018}, "142": {"chrg": 16091.53846, "pmt": 5370.384615, "reduct": 66.62603374842259}, "144": {"chrg": 15997.923326666665, "pmt": 4074.736612066667, "reduct": 74.52959031704722}, "145": {"chrg": 12168.346681750001, "pmt": 3884.64818275, "reduct": 68.0757930033653}, "146": {"chrg": 9216.923077, "pmt": 3385.923077, "reduct": 63.26406276027989}, "147": {"chrg": 12982.531597666666, "pmt": 4005.505827333333, "reduct": 69.14695876378043}, "149": {"chrg": 13230.224221, "pmt": 3838.0393945999995, "reduct": 70.99036773308816}, "155": {"chrg": 15539.984952857141, "pmt": 4483.5885742857145, "reduct": 71.14805073565161}, "156": {"chrg": 14864.122620285716, "pmt": 5646.725078999999, "reduct": 62.01104348201712}, "158": {"chrg": 18879.768395, "pmt": 3836.2088745, "reduct": 79.68084780364171}, "161": {"chrg": 16432.0179825, "pmt": 4415.71405675, "reduct": 73.12737813789695}, "163": {"chrg": 16230.658335, "pmt": 3635.4166665000002, "reduct": 77.60154522715482}, "164": {"chrg": 16018.863559999998, "pmt": 4289.087534, "reduct": 73.22477017214821}, "166": {"chrg": 19443.178990000004, "pmt": 4581.679681428572, "reduct": 76.43554233705807}, "170": {"chrg": 13726.886364999998, "pmt": 3632.227273, "reduct": 73.53932147161035}, "171": {"chrg": 17489.714285000002, "pmt": 3803.3015875, "reduct": 78.25406678734662}, "172": {"chrg": 13536.06667, "pmt": 3606.666667, "reduct": 73.35513517384294}, "179": {"chrg": 11633.00925975, "pmt": 3543.5398859999996, "reduct": 69.53892318937127}, "181": {"chrg": 10459.1993, "pmt": 3785.686247, "reduct": 63.8052002030404}, "183": {"chrg": 11457.838446, "pmt": 4283.3, "reduct": 62.61685814312274}, "185": {"chrg": 15612.33333, "pmt": 5155.916667, "reduct": 66.97536135042283}, "186": {"chrg": 10094.810207333334, "pmt": 4032.355662, "reduct": 60.05516122461905}, "187": {"chrg": 9956.765689666667, "pmt": 3696.2683763333334, "reduct": 62.876816713991815}, "190": {"chrg": 12099.297620000001, "pmt": 3539.369048, "reduct": 70.74731807448505}, "191": {"chrg": 9244.636364, "pmt": 3616.636364, "reduct": 60.87854382154257}, "192": {"chrg": 12794.529763333334, "pmt": 3904.5773810000005, "reduct": 69.4824471612097}, "197": {"chrg": 10220.0, "pmt": 3552.0, "reduct": 65.24461839530332}, "200": {"chrg": 17601.23077, "pmt": 4139.615385, "reduct": 76.48110271893218}, "204": {"chrg": 10611.546100833333, "pmt": 3710.301222, "reduct": 65.03524381137422}, "205": {"chrg": 8528.946489428572, "pmt": 3900.202574, "reduct": 54.27099256825906}, "207": {"chrg": 7367.363636, "pmt": 4430.272727, "reduct": 39.86624054564314}, "208": {"chrg": 9468.8125, "pmt": 3352.09375, "reduct": 64.59858350769962}, "210": {"chrg": 19883.474153333333, "pmt": 3875.740975666667, "reduct": 80.50772744351154}, "212": {"chrg": 14798.045455, "pmt": 3473.227273, "reduct": 76.52914850436238}, "213": {"chrg": 12668.074278999999, "pmt": 3925.6792024, "reduct": 69.01123946748844}, "216": {"chrg": 17227.73313333333, "pmt": 3600.8333333333335, "reduct": 79.0986236815672}, "217": {"chrg": 7599.827165199999, "pmt": 3695.9272727999996, "reduct": 51.36827203487151}, "219": {"chrg": 16377.129740000002, "pmt": 3938.3991082499997, "reduct": 75.95183545117351}, "223": {"chrg": 6237.1423525, "pmt": 5888.944936571429, "reduct": 5.582643400611258}, "225": {"chrg": 7292.0833335, "pmt": 5323.666666499999, "reduct": 26.993886067607715}, "226": {"chrg": 5573.535113, "pmt": 5276.5617968, "reduct": 5.328275684624726}, "227": {"chrg": 8726.910555076924, "pmt": 4730.634263538461, "reduct": 45.79256618155218}, "230": {"chrg": 9818.271250400001,