{"1": {"chrg": 644.982280575, "pmt": 153.8422145, "reduct": 76.14783860994598}, "2": {"chrg": 827.3225806, "pmt": 148.3548387, "reduct": 82.06807813798477}, "5": {"chrg": 1444.651163, "pmt": 149.1627907, "reduct": 89.67482292470906}, "6": {"chrg": 530.3740646, "pmt": 149.17015305, "reduct": 71.87453855563209}, "7": {"chrg": 1245.08, "pmt": 154.52, "reduct": 87.5895524785556}, "9": {"chrg": 393.0588235, "pmt": 159.4117647, "reduct": 59.44328045341539}, "11": {"chrg": 653.7604877250001, "pmt": 170.71542772499998, "reduct": 73.88716036983712}, "12": {"chrg": 395.1524496166667, "pmt": 172.84891879999998, "reduct": 56.25766233571905}, "14": {"chrg": 592.0294118, "pmt": 173.6176471, "reduct": 70.67415171619012}, "15": {"chrg": 605.9849624, "pmt": 165.31503759999998, "reduct": 72.71961387535579}, "16": {"chrg": 294.6666667, "pmt": 145.75, "reduct": 50.537330322337404}, "18": {"chrg": 160.0, "pmt": 158.0, "reduct": 1.25}, "19": {"chrg": 310.25419184000003, "pmt": 154.17688120000003, "reduct": 50.306269744290844}, "21": {"chrg": 575.41666665, "pmt": 154.7596154, "reduct": 73.10477357199434}, "22": {"chrg": 421.53074495, "pmt": 147.7348316, "reduct": 64.95277429466655}, "23": {"chrg": 436.76598844999995, "pmt": 188.1133581833333, "reduct": 56.93040136872559}, "25": {"chrg": 312.8125, "pmt": 187.875, "reduct": 39.94005994005994}, "31": {"chrg": 295.6923077, "pmt": 187.86752135, "reduct": 36.46519829639789}, "33": {"chrg": 333.4802867, "pmt": 226.5698925, "reduct": 32.05898473278481}, "43": {"chrg": 226.9803922, "pmt": 187.8627451, "reduct": 17.23393228853536}, "56": {"chrg": 632.8244270125001, "pmt": 188.94404596250004, "reduct": 70.14273819130439}, "58": {"chrg": 347.6666667, "pmt": 190.6666667, "reduct": 45.15819750286115}, "62": {"chrg": 965.0264119000001, "pmt": 224.43234454999998, "reduct": 76.74339875235907}, "65": {"chrg": 774.54377195, "pmt": 231.4834464, "reduct": 70.11357462507061}, "69": {"chrg": 292.9261538, "pmt": 184.6338462, "reduct": 36.96914945803655}, "77": {"chrg": 446.88578356, "pmt": 203.36906492000003, "reduct": 54.491936776347416}, "79": {"chrg": 415.6965087666667, "pmt": 187.54431043333332, "reduct": 54.88431909381196}, "80": {"chrg": 423.91942670000003, "pmt": 184.56811725, "reduct": 56.4615099886386}, "81": {"chrg": 308.71290952, "pmt": 223.66041591999996, "reduct": 27.550676041453293}, "82": {"chrg": 580.4312087999999, "pmt": 233.03714285, "reduct": 59.85103155776416}, "85": {"chrg": 539.59048125, "pmt": 229.50387645, "reduct": 57.467026490471476}, "86": {"chrg": 658.3225806, "pmt": 187.8709677, "reduct": 71.46217170178592}, "96": {"chrg": 193.3636364, "pmt": 188.9090909, "reduct": 2.303714174460982}, "103": {"chrg": 615.2258852666666, "pmt": 171.84432236666666, "reduct": 72.06809295870546}, "106": {"chrg": 505.1428571, "pmt": 165.4642857, "reduct": 67.24406108602183}, "109": {"chrg": 656.1166667, "pmt": 197.9166667, "reduct": 69.83514110448674}, "110": {"chrg": 530.0743378166667, "pmt": 195.37123323333333, "reduct": 63.142672773397855}, "111": {"chrg": 376.81548835, "pmt": 194.55720630000002, "reduct": 48.36804422452822}, "113": {"chrg": 302.46908994, "pmt": 173.90253862000003, "reduct": 42.5056825957004}, "116": {"chrg": 869.8725285749999, "pmt": 157.965243125, "reduct": 81.8404147807985}, "118": {"chrg": 415.635508675, "pmt": 171.392559575, "reduct": 58.76373505204584}, "119": {"chrg": 721.9551947, "pmt": 158.4168831, "reduct": 78.0572417425671}, "122": {"chrg": 614.9178082, "pmt": 159.4109589, "reduct": 74.0760542670522}, "123": {"chrg": 440.17417066666667, "pmt": 158.94964363333335, "reduct": 63.88937510972171}, "124": {"chrg": 267.8309524, "pmt": 158.9714286, "reduct": 40.64486304682983}, "127": {"chrg": 511.24072849999993, "pmt": 171.19570937499998, "reduct": 66.51367940162068}, "129": {"chrg": 664.25, "pmt": 159.4117647, "reduct": 76.00123978923598}, "130": {"chrg": 384.61780800909094, "pmt": 159.46905912727271, "reduct": 58.538305869731474}, "131": {"chrg": 273.89412307500004, "pmt": 158.585461975, "reduct": 42.099720799202856}, "134": {"chrg": 539.1142857, "pmt": 153.0, "reduct": 71.62011765254174}, "137": {"chrg": 428.9207921, "pmt": 161.1584158, "reduct": 62.4269984649224}, "139": {"chrg": 773.86161365, "pmt": 154.28469080000002, "reduct": 80.06301280763883}, "140": {"chrg": 1106.888889, "pmt": 158.2777778, "reduct": 85.70066251699451}, "141": {"chrg": 516.3986204, "pmt": 159.41162623999998, "reduct": 69.1301215877532}, "142": {"chrg": 673.08395805, "pmt": 152.69002995, "reduct": 77.31486122587735}, "144": {"chrg": 674.0137228333334, "pmt": 162.7625974, "reduct": 75.85173834209202}, "145": {"chrg": 257.4842105, "pmt": 164.3894737, "reduct": 36.15551284454392}, "146": {"chrg": 220.1673152, "pmt": 159.5214008, "reduct": 27.545375817890694}, "147": {"chrg": 241.3181818, "pmt": 146.0909091, "reduct": 39.46129213708504}, "151": {"chrg": 215.36, "pmt": 161.4, "reduct": 25.055720653789002}, "152": {"chrg": 253.1726619, "pmt": 164.2014388, "reduct": 35.142508054500176}, "155": {"chrg": 360.3902916, "pmt": 174.04696145000003, "reduct": 51.705979459852905}, "156": {"chrg": 697.7296814285716, "pmt": 173.42056211428573, "reduct": 75.14502152764742}, "158": {"chrg": 333.60546875, "pmt": 174.08029514999998, "reduct": 47.81851274732738}, "161": {"chrg": 448.6363636333333, "pmt": 171.7102272666667, "reduct": 61.72619047728284}, "163": {"chrg": 474.0357143, "pmt": 173.8928571, "reduct": 63.316507205204054}, "164": {"chrg": 331.31689292, "pmt": 173.99798644, "reduct": 47.48291132803371}, "166": {"chrg": 263.22988315, "pmt": 171.97641675, "reduct": 34.666833912622195}, "170": {"chrg": 453.8290998333334, "pmt": 159.22329346666666, "reduct": 64.9155830850995}, "171": {"chrg": 502.74561400000005, "pmt": 171.41033135, "reduct": 65.9051562904336}, "172": {"chrg": 766.8212213249999, "pmt": 160.53421635, "reduct": 79.06497474435946}, "175": {"chrg": 420.03653655, "pmt": 164.03203200000002, "reduct": 60.94815147575285}, "179": {"chrg": 325.0, "pmt": 152.2916667, "reduct": 53.14102563076922}, "180": {"chrg": 1000.111111, "pmt": 161.3333333, "reduct": 83.86845906164521}, "181": {"chrg": 525.78125, "pmt": 172.8533654, "reduct": 67.1244713652303}, "183": {"chrg": 366.9524889428571, "pmt": 162.21670264285714, "reduct": 55.79354070872156}, "187": {"chrg": 803.2717948666667, "pmt": 161.96253560000002, "reduct": 79.83714396110673}, "190": {"chrg": 471.85, "pmt": 156.35, "reduct": 66.86446964077567}, "191": {"chrg": 234.3478261, "pmt": 165.8695652, "reduct": 29.220779232139837}, "193": {"chrg": 320.0, "pmt": 153.9411765, "reduct": 51.89338234374999}, "194": {"chrg": 205.8442623, "pmt": 163.9180328, "reduct": 20.367936920629926}, "200": {"chrg": 173.0, "pmt": 159.7222222, "reduct": 7.675016069364158}, "204": {"chrg": 501.8335015, "pmt": 151.63130546666665, "reduct": 69.784539092461}, "205": {"chrg": 355.93047774, "pmt": 156.59140431999998, "reduct": 56.00505882095693}, "209": {"chrg": 302.4615385, "pmt": 150.0769231, "reduct": 50.38148524791691}, "210": {"chrg": 234.5555556, "pmt": 155.6507937, "reduct": 33.64011638869916}, "216": {"chrg": 405.6590909, "pmt": 158.3863636, "reduct": 60.95579585099347}, "217": {"chrg": 625.1201923, "pmt": 150.31009615, "reduct": 75.95500865250166}, "219": {"chrg": 227.4622222, "pmt": 154.8088889, "reduct": 31.94083509661588}, "221": {"chrg": 187.3529412, "pmt": 154.1764706, "reduct": 17.70800628349037}, "222": {"chrg": 341.27020203333336, "pmt": 164.03030303333333, "reduct": 51.93535736316299}, "227": {"chrg": 335.2460643863637, "pmt": 189.00716401363636, "reduct": 43.62136230902631}, "230": {"chrg": 271.8376537666667, "pmt": 174.47672596666666, "reduct": 35.81583583103255}, "231": {"chrg": 212.19003625, "pmt": 185.1776983, "reduct": 12.730257474566029}, "232": {"chrg": 373.0, "pmt": 163.66495725, "reduct": 56.12199537533512}, "233": {"chrg": 395.66666665, "pmt": 168.7583333, "reduct": 57.34835720966084}, "234": {"chrg": 300.2848274166667, "pmt": 167.2628367, "reduct": 44.29860538111343}, "235": {"chrg": 524.99282295,